ft1,dtfk2,dtfk3,ft4,dtsk4,dtfk7,ft7,ft9,dtfk10,ft10,dtfk11,ft11,ft12,ft13,dtfk14,ft14,dtsk14,gender
31,63,62,109,94,62,94,94,141,78,94,94,31,63,47,109,63,1
32,78,62,32,62,93,47,78,47,62,110,78,78,47,62,94,63,1
78,94,94,109,94,62,94,94,141,78,94,94,31,140,47,109,63,1
16,109,78,313,391,79,15,94,16,62,62,47,234,125,31,63,15,1
16,15,93,16,47,437,63,31,32,63,47,63,172,78,47,32,46,1
62,79,78,313,391,250,78,63,16,62,62,47,234,32,31,63,15,1
594,62,62,109,219,79,46,16,63,62,63,93,16,62,79,171,63,1
31,453,62,62,63,93,47,78,62,94,47,109,62,63,63,46,63,1
110,62,47,109,219,62,16,47,63,62,63,93,16,266,79,171,63,1
47,156,94,172,266,78,157,46,594,63,109,31,31,78,94,31,78,1
93,125,78,15,78,31,94,47,94,78,110,47,78,109,94,78,78,1
94,187,93,172,266,78,16,62,594,63,109,31,31,47,94,31,78,1
78,94,78,141,281,62,94,140,47,78,93,156,93,78,47,94,47,1
78,156,63,47,78,94,93,94,78,63,16,78,94,62,63,141,31,1
47,141,62,141,281,78,47,94,47,78,93,156,93,62,47,94,47,1
125,109,94,94,94,78,78,94,78,78,78,63,78,125,63,31,62,1
16,141,62,16,62,79,187,94,47,78,78,62,46,47,78,63,78,1
31,47,63,94,94,78,47,15,78,78,78,63,78,218,63,31,62,1
78,125,94,172,125,16,47,93,16,79,141,78,16,16,125,16,109,1
188,94,16,16,78,47,31,94,94,78,94,94,62,32,78,47,124,1
16,125,31,172,125,78,47,78,16,79,141,78,16,16,125,16,109,1
47,141,94,16,94,31,94,640,15,47,16,79,31,78,16,110,31,1
94,47,63,78,94,62,141,109,62,63,78,32,47,125,78,16,78,1
94,47,16,16,94,31,78,734,15,47,16,79,31,31,16,110,31,1
63,125,94,16,125,78,16,31,15,47,94,31,16,63,94,15,78,1
16,78,62,32,62,31,47,32,46,63,94,16,109,78,62,32,62,1
94,109,62,16,125,94,31,1375,15,47,94,31,16,16,94,15,78,1
62,110,109,63,78,78,16,94,31,63,94,78,31,78,78,16,94,1
15,109,93,31,78,109,16,62,62,78,75,86,93,47,93,16,109,1
16,78,62,63,78,109,16,172,31,63,94,78,31,63,78,16,94,1
31,157,63,62,156,78,204,109,219,78,31,141,94,47,78,32,93,1
31,187,79,63,31,63,31,78,78,47,15,94,78,32,31,78,47,1
16,62,78,62,156,62,32,78,219,78,31,141,94,63,78,32,93,1
93,63,47,63,78,62,63,63,47,47,172,15,16,125,63,15,79,1
32,141,94,15,79,110,15,31,78,79,78,15,94,63,47,31,94,1
62,203,78,63,78,78,16,31,47,47,172,15,16,63,63,15,79,1
281,125,94,156,235,78,47,94,156,94,156,47,125,47,62,16,94,1
16,156,94,15,78,16,109,173,79,78,203,31,141,32,62,32,93,1
47,63,63,156,235,78,110,1172,156,94,156,47,125,32,62,16,94,1
187,94,78,62,94,62,16,109,31,94,78,47,156,79,94,31,78,1
15,93,78,47,62,203,265,94,47,110,156,63,94,78,125,16,94,1
16,78,94,62,94,32,15,63,31,94,78,47,156,31,94,31,78,1
31,109,94,32,110,78,16,94,656,47,32,78,782,125,15,62,47,1
15,16,93,15,62,47,94,31,78,63,110,15,62,78,15,62,31,1
157,46,63,32,110,703,16,812,656,47,32,78,782,109,15,62,47,1
16,93,78,15,78,63,94,109,31,79,63,93,0,94,110,15,78,1
15,93,204,15,93,79,78,63,63,78,63,94,93,156,94,31,78,1
47,78,78,15,78,141,15,78,31,79,63,93,0,32,110,15,78,1
16,94,78,78,125,125,109,94,94,156,94,94,78,63,78,78,78,1
16,172,110,16,78,141,93,266,172,62,265,78,109,703,109,813,125,1
16,93,172,78,125,94,78,78,94,156,94,94,78,31,78,78,78,1
16,78,78,0,94,78,15,109,109,62,94,125,594,47,93,47,78,1
16,125,109,78,78,78,31,109,63,78,94,78,78,31,78,47,94,1
47,94,79,0,94,47,31,94,109,62,94,125,594,172,93,47,78,1
157,109,93,265,390,15,93,94,46,125,203,62,172,94,78,110,109,1
129,110,594,250,31,94,125,78,94,172,16,110,282,406,156,313,391,1
125,78,219,265,390,141,187,109,46,125,203,62,172,31,78,110,109,1
296,110,141,78,156,109,31,78,78,63,234,63,94,125,94,203,140,1
94,172,128,16,62,94,94,62,78,94,156,47,78,93,78,63,109,1
93,344,110,78,156,125,62,94,78,63,234,63,94,156,94,203,140,1
16,93,94,391,110,78,109,47,297,78,297,31,282,62,93,32,109,1
32,172,93,47,94,16,125,157,78,94,172,31,141,94,94,62,94,1
141,394,79,391,110,125,188,1313,297,78,297,31,282,141,93,32,109,1
32,109,78,15,109,46,47,78,94,47,109,16,47,78,62,32,78,1
15,109,79,63,31,78,63,62,78,63,94,47,78,31,63,47,94,1
63,109,63,15,109,62,16,62,94,47,109,16,47,46,62,32,78,1
15,82,102,53,91,31,78,125,156,47,110,94,343,31,94,15,125,1
188,109,16,15,63,219,16,125,79,78,94,125,125,15,156,15,109,1
15,110,16,53,91,156,16,110,156,47,110,94,343,16,94,15,125,1
31,78,78,15,63,62,32,78,78,15,63,109,16,15,15,47,16,1
16,62,156,79,62,78,31,63,63,62,78,79,172,47,109,16,79,1
31,63,46,15,63,110,172,109,78,15,63,109,16,78,15,47,16,1
62,94,63,63,78,46,16,172,265,79,141,46,32,65,78,15,63,1
16,156,62,31,94,172,116,109,31,62,156,47,46,63,78,47,46,1
31,63,63,63,78,32,31,94,265,79,141,46,32,47,78,15,63,1
62,110,78,156,141,78,16,16,47,63,94,125,16,32,79,78,62,1
31,110,32,16,62,109,63,79,63,93,78,110,93,16,94,31,63,1
47,78,94,156,141,94,15,62,47,63,94,125,16,62,79,78,62,1
32,78,47,47,62,62,110,140,78,62,79,140,15,94,78,16,62,1
47,93,78,32,93,94,203,62,47,109,109,94,47,47,63,47,78,1
125,94,78,47,62,78,31,171,78,62,79,140,15,62,78,16,62,1
141,93,47,250,328,47,78,94,62,78,140,234,125,125,78,31,94,1
109,31,141,79,31,140,235,188,62,78,16,93,78,16,62,281,79,1
78,297,125,250,328,109,141,47,62,78,140,234,125,31,78,31,94,1
282,93,78,234,94,63,218,156,78,78,63,140,828,297,63,219,78,1
297,47,78,188,62,78,250,62,62,94,78,140,62,484,78,204,62,1
797,78,47,234,94,78,375,141,78,78,63,140,828,375,63,219,78,1
32,93,94,110,250,125,46,204,78,78,125,47,32,78,93,78,63,1
16,94,62,31,78,78,16,266,63,93,125,15,93,78,62,16,78,1
172,172,0,110,250,109,32,1203,78,78,125,47,32,63,93,78,63,1
0,94,93,32,171,63,62,109,31,47,156,47,16,78,78,31,125,1
16,47,63,93,47,94,109,94,63,78,78,47,109,16,94,15,94,1
31,109,63,32,171,62,125,94,31,47,156,47,16,62,78,31,125,1
15,110,78,94,78,141,0,0,141,109,94,78,16,78,93,32,62,1
16,93,94,31,63,94,63,125,234,328,110,93,93,32,94,31,78,1
31,63,78,94,78,109,16,93,141,109,94,78,16,16,93,32,62,1
172,94,109,250,78,125,140,172,94,78,47,156,265,422,93,94,78,1
359,79,78,219,93,62,328,94,93,94,78,109,94,547,110,125,93,1
313,94,63,250,78,94,187,188,94,78,47,156,265,203,93,94,78,1
94,93,47,93,156,78,125,63,78,56,78,31,15,78,62,31,63,1
16,63,63,16,47,62,125,109,62,78,140,0,110,47,63,31,78,1
31,47,78,93,156,94,31,891,78,56,78,31,15,172,62,31,63,1
16,110,109,391,438,78,31,32,94,31,109,125,16,78,78,0,94,1
0,93,78,141,78,31,78,125,63,62,125,31,94,110,78,31,94,1
109,203,94,391,438,110,31,844,94,31,109,125,16,62,78,0,94,1
31,110,125,485,594,78,141,16,47,78,47,62,16,125,78,32,93,1
16,125,78,47,78,32,110,0,62,94,125,62,78,15,94,47,93,1
16,188,62,485,594,125,78,1078,47,78,47,62,16,125,78,32,93,1
63,93,47,125,63,62,32,156,63,47,78,78,172,78,46,79,78,1
15,94,78,46,47,78,15,63,62,78,78,94,62,125,62,63,78,1
0,78,78,125,63,62,16,141,63,47,78,78,172,62,46,79,78,1
547,156,172,128,225,63,47,93,47,62,78,63,15,93,94,47,94,1
16,109,109,47,62,79,93,94,78,78,79,78,94,0,15,62,47,1
78,15,78,128,225,94,31,78,47,62,78,63,15,78,94,47,94,1
15,63,63,63,140,63,578,109,47,94,78,94,78,109,93,63,62,1
78,79,94,62,78,94,78,63,47,78,78,125,110,438,94,31,94,1
31,63,94,63,140,125,453,125,47,94,78,94,78,47,93,63,62,1
47,94,78,271,380,47,16,78,47,62,125,32,15,94,62,16,78,1
31,31,78,32,78,62,31,31,63,62,312,63,94,32,78,31,79,1
0,141,62,271,380,62,0,891,47,62,125,32,15,31,62,16,78,1
94,94,78,140,79,47,141,156,125,47,63,93,125,125,62,110,78,1
47,94,63,94,62,78,78,47,62,78,78,110,62,63,63,47,78,1
78,94,62,140,79,63,125,187,125,47,63,93,125,78,62,110,78,1
31,125,78,31,172,94,16,47,0,93,140,47,46,94,78,32,78,1
46,47,109,15,78,31,63,141,93,110,829,31,78,47,157,31,109,1
0,78,93,31,172,94,78,875,0,93,140,47,46,0,78,32,78,1
78,110,78,78,62,78,31,547,32,62,78,94,0,79,78,62,63,1
0,0,47,61,52,63,62,110,78,78,62,110,94,31,78,47,78,1
47,93,94,78,62,94,47,62,32,62,78,94,0,47,78,62,63,1
16,94,78,188,78,110,31,110,78,63,78,110,125,125,78,32,125,1
16,140,109,0,78,156,31,156,78,47,62,94,94,0,62,235,125,1
31,78,78,188,78,156,16,62,78,63,78,110,125,31,78,32,125,1
16,109,125,109,203,31,63,0,16,62,157,31,31,110,78,16,62,1
78,32,31,94,0,0,62,32,78,78,0,47,156,125,63,31,94,1
79,47,31,109,203,125,719,110,16,62,157,31,31,0,78,16,62,1
62,110,94,203,78,78,344,531,234,79,94,140,47,391,78,109,94,1
63,94,109,157,78,78,172,78,281,63,94,172,94,516,94,125,93,1
0,109,407,203,78,94,203,250,234,79,94,140,47,235,78,109,94,1
47,47,140,79,110,78,16,578,63,78,63,47,31,5,46,109,78,1
63,31,93,94,31,16,78,140,31,78,16,78,109,94,16,109,16,1
15,235,110,79,110,625,32,62,63,78,63,47,31,110,46,109,78,1
16,125,109,109,157,110,94,110,94,109,94,203,157,93,141,15,94,1
110,156,94,141,47,125,125,156,93,110,16,141,172,140,125,63,93,1
110,312,93,109,157,141,140,125,94,109,94,203,157,110,141,15,94,1
93,125,94,125,125,109,63,109,94,62,125,94,110,47,109,62,79,1
78,125,94,47,109,110,140,125,47,93,156,47,94,31,109,94,94,1
16,156,93,125,125,125,110,94,94,62,125,94,110,78,109,62,79,1
63,109,63,125,94,78,109,94,93,63,78,110,46,94,110,62,94,1
32,78,62,31,78,110,15,78,78,109,94,93,63,16,78,109,63,1
78,109,63,125,94,93,0,125,93,63,78,110,46,31,110,62,94,1
47,110,171,47,156,94,31,47,15,141,250,31,16,109,125,0,109,1
16,0,110,0,63,62,109,140,62,110,125,93,93,140,78,0,125,1
0,312,109,47,156,141,15,125,15,141,250,31,16,0,125,0,109,1
15,78,78,16,141,78,63,32,47,47,62,140,78,110,110,62,156,1
15,32,125,78,63,78,78,93,78,109,78,93,109,15,94,31,78,1
31,79,78,16,141,140,63,94,47,47,62,140,78,141,110,62,156,1
47,94,109,16,203,125,16,188,157,62,94,78,94,109,109,31,110,1
16,219,94,32,78,109,0,141,110,93,109,63,78,78,78,15,78,1
110,63,94,16,203,47,16,78,157,62,94,78,94,15,109,31,110,1
78,125,109,109,203,125,47,343,156,78,109,63,110,94,94,47,78,1
15,141,109,47,62,46,109,266,79,62,78,110,94,78,78,31,94,1
375,94,110,109,203,141,31,1114,156,78,109,63,110,484,94,47,78,1
47,78,141,31,78,15,47,125,94,16,47,125,47,78,0,78,16,1
156,15,47,156,16,47,79,78,31,94,94,0,109,78,31,62,0,1
156,62,31,31,78,78,32,937,94,16,47,125,47,79,0,78,16,1
15,109,141,31,125,63,125,109,125,47,47,141,16,109,15,93,47,1
31,62,94,110,94,0,16,203,47,93,0,93,78,94,0,63,93,1
62,15,203,31,125,250,78,781,125,47,47,141,16,63,15,93,47,1
62,62,63,172,78,78,79,125,40,60,47,125,94,94,78,79,62,1
47,47,63,62,63,94,93,76,47,78,78,109,176,78,62,141,62,1
62,62,62,172,78,78,140,63,40,60,47,125,94,141,78,79,62,1
78,110,109,79,109,47,234,16,141,62,140,16,203,78,63,16,62,2
47,94,93,63,62,94,109,203,78,78,109,16,63,265,78,16,78,2
16,328,78,79,109,125,109,156,141,62,140,16,203,219,63,16,62,2
16,78,62,156,250,109,62,157,156,63,94,62,47,63,93,47,110,2
31,219,63,47,62,47,125,219,63,62,79,78,62,78,110,31,78,2
63,218,94,156,250,63,15,1047,156,63,94,62,47,110,93,47,110,2
47,172,78,141,250,62,47,31,63,62,32,141,78,78,63,31,78,2
15,110,94,172,16,47,125,31,15,63,31,94,63,78,63,31,110,2
93,110,62,141,250,94,203,797,63,62,32,141,78,15,63,31,78,2
16,109,62,31,109,62,32,47,16,188,218,47,47,78,47,46,63,2
359,63,63,16,47,31,47,93,62,63,94,15,156,78,63,47,47,2
78,110,78,31,109,125,78,766,16,188,218,47,47,15,47,46,63,2
437,94,78,31,140,93,16,125,125,63,62,94,94,78,78,78,62,2
15,125,94,62,78,31,109,46,78,78,94,109,78,78,78,63,78,2
110,219,94,31,140,109,16,63,125,63,62,94,94,94,78,78,62,2
4369,113,69,63,80,89,36,297,47,78,69,111,78,37,33,69,61,2
4,68,98,31,78,89,24,94,58,68,78,94,62,13,78,63,78,2
6,39,79,63,80,11,73,258,47,78,69,111,78,15,33,69,61,2
156,125,94,63,172,79,78,109,110,250,156,63,47,63,78,78,125,2
15,78,78,16,78,109,94,78,78,78,110,47,94,94,109,172,125,2
78,110,78,63,172,93,172,94,110,250,156,63,47,266,78,78,125,2
32,125,63,32,187,63,31,110,16,94,94,78,15,88,109,16,93,2
32,47,94,16,62,47,117,78,47,47,94,31,172,32,63,46,125,2
78,125,78,32,187,63,15,94,16,94,94,78,15,15,109,16,93,2
141,78,63,219,62,63,109,109,547,63,79,125,203,188,47,47,78,2
78,62,47,63,78,79,125,94,31,828,93,110,62,172,63,62,63,2
109,47,47,219,62,94,219,171,547,63,79,125,203,125,47,47,78,2
125,109,78,63,109,94,0,47,63,78,78,93,47,78,79,31,78,2
16,156,78,31,110,16,62,93,78,78,109,110,94,78,78,31,94,2
0,94,94,63,109,94,31,984,63,78,78,93,47,31,79,31,78,2
47,125,110,31,79,78,16,78,31,62,125,62,15,78,94,16,78,2
16,125,62,32,78,62,94,94,63,78,79,93,78,32,93,32,62,2
31,31,46,31,79,78,16,94,31,62,125,62,15,32,94,16,78,2
31,78,79,15,140,109,0,46,47,63,94,94,0,78,94,16,78,2
0,16,62,32,94,31,140,125,63,78,78,94,78,15,62,16,94,2
16,78,62,15,140,62,31,94,47,63,94,94,0,15,94,16,78,2
343,63,46,62,78,62,16,157,94,62,63,109,234,78,62,31,47,2
0,125,47,47,63,110,62,63,32,125,62,125,63,78,47,47,62,2
47,63,62,62,78,62,16,62,94,62,63,109,234,47,62,31,47,2
31,141,109,62,172,94,46,16,78,47,141,62,109,93,94,47,62,2
32,172,94,32,78,16,141,62,47,94,109,31,78,78,78,62,79,2
109,250,63,62,172,79,15,968,78,47,141,62,109,46,94,47,62,2
78,78,62,63,78,63,78,63,109,62,78,93,78,31,63,47,62,2
62,47,62,78,63,78,125,157,62,78,78,94,93,47,78,62,63,2
78,47,62,63,78,62,78,63,109,62,78,93,78,31,63,47,62,2
47,63,31,47,125,93,16,78,15,78,47,63,110,47,78,0,31,2
16,31,78,93,32,609,47,31,31,63,31,62,109,94,16,94,16,2
156,32,78,47,125,31,78,547,15,78,47,63,110,93,78,0,31,2
32,109,78,157,78,79,78,141,141,62,79,78,63,15,62,31,79,2
16,78,78,0,94,125,141,125,94,78,78,110,78,47,78,94,94,2
78,93,93,157,78,140,63,32,141,62,79,78,63,156,62,31,79,2
109,62,63,94,78,63,62,47,156,63,78,94,188,78,47,78,63,2
47,78,78,63,62,62,94,78,63,78,63,109,62,78,63,62,47,2
62,78,47,94,78,63,47,94,156,63,78,94,188,47,47,78,63,2
47,157,125,0,78,63,16,16,78,94,31,109,93,94,78,31,63,2
15,110,125,78,47,62,47,20,94,62,15,125,63,94,93,0,63,2
47,16,78,0,78,125,94,1094,78,94,31,109,93,31,78,31,63,2
79,109,94,62,109,94,141,93,63,78,141,0,93,78,78,32,93,2
125,0,94,78,31,78,78,94,94,94,63,172,125,78,63,93,78,2
31,97,31,62,109,78,47,78,63,78,141,0,93,94,78,32,93,2
